{
	"pools": [
		{
			"rolls": 1,
			"entries": [
				{
					"type": "item",
					"name": "minecraft:dirt",
					"weight": 1,
					"functions": [
						{
							"function": "set_nbt",
							"tag": "{csv2igri:1b,csv2irm:0}"
						}
					]
				},
				{
					"type": "item",
					"name": "minecraft:dirt",
					"weight": 2,
					"functions": [
						{
							"function": "set_nbt",
							"tag": "{csv2igri:1b,csv2irm:1}"
						}
					]
				},
				{
					"type": "item",
					"name": "minecraft:dirt",
					"weight": 8,
					"functions": [
						{
							"function": "set_nbt",
							"tag": "{csv2igri:1b,csv2irm:2}"
						}
					]
				},
				{
					"type": "empty",
					"weight" : 2
				}
			]
		}
	]
}